[
  {
    "cmd": [
      "python",
      "-u",
      "RECIPE_MODULE[depot_tools::cipd]/resources/bootstrap.py",
      "--platform",
      "linux-amd64",
      "--dest-directory",
      "[START_DIR]/cipd",
      "--json-output",
      "/path/to/tmp/json"
    ],
    "name": "install cipd",
    "~followup_annotations": [
      "step returned non-zero exit code: 1",
      "@@@STEP_LOG_LINE@json.output@{@@@",
      "@@@STEP_LOG_LINE@json.output@  \"executable\": \"[START_DIR]/cipd/cipd\", @@@",
      "@@@STEP_LOG_LINE@json.output@  \"instance_id\": \"40-chars-fake-of-the-package-instance_id\"@@@",
      "@@@STEP_LOG_LINE@json.output@}@@@",
      "@@@STEP_LOG_END@json.output@@@",
      "@@@STEP_FAILURE@@@"
    ]
  },
  {
    "name": "$result",
    "reason": "Step('install cipd') failed with return_code 1",
    "recipe_result": null,
    "status_code": 1
  }
]