[
  {
    "cmd": [
      "python",
      "-u",
      "RECIPE_MODULE[depot_tools::git]/resources/git_setup.py",
      "--path",
      "[START_DIR]/src",
      "--url",
      "https://chromium.googlesource.com/chromium/src.git"
    ],
    "name": "git setup"
  },
  {
    "cmd": [
      "git",
      "retry",
      "fetch",
      "origin",
      "master",
      "--recurse-submodules"
    ],
    "cwd": "[START_DIR]/src",
    "env": {
      "PATH": "RECIPE_PACKAGE_REPO[depot_tools]:%(PATH)s"
    },
    "name": "git fetch"
  },
  {
    "cmd": [
      "git",
      "checkout",
      "-f",
      "FETCH_HEAD"
    ],
    "cwd": "[START_DIR]/src",
    "name": "git checkout"
  },
  {
    "cmd": [
      "git",
      "rev-parse",
      "HEAD"
    ],
    "cwd": "[START_DIR]/src",
    "name": "read revision",
    "stdout": "/path/to/tmp/",
    "~followup_annotations": [
      "@@@STEP_TEXT@<br/>checked out 'deadbeef'<br/>@@@"
    ]
  },
  {
    "cmd": [
      "git",
      "clean",
      "-f",
      "-d",
      "-x"
    ],
    "cwd": "[START_DIR]/src",
    "name": "git clean"
  },
  {
    "cmd": [
      "git",
      "submodule",
      "sync"
    ],
    "cwd": "[START_DIR]/src",
    "name": "submodule sync"
  },
  {
    "cmd": [
      "git",
      "submodule",
      "update",
      "--init",
      "--recursive"
    ],
    "cwd": "[START_DIR]/src",
    "name": "submodule update"
  },
  {
    "cmd": [
      "git",
      "-c",
      "foo=bar",
      "count-objects",
      "-v"
    ],
    "cwd": "[START_DIR]/src",
    "name": "count-objects",
    "stdout": "/path/to/tmp/",
    "~followup_annotations": [
      "@@@STEP_LOG_LINE@exception@ValueError(\"invalid literal for long() with base 10: 'xxx'\",)@@@",
      "@@@STEP_LOG_END@exception@@@",
      "@@@STEP_WARNINGS@@@"
    ]
  },
  {
    "name": "$result",
    "reason": "count-objects failed: invalid literal for long() with base 10: 'xxx'",
    "recipe_result": null,
    "status_code": 1
  }
]